{
    "__comment": "Made with TheDestruc7i0n's advancements generator: https://advancements.thedestruc7i0n.ca",
    "display": {
        "title": {
            "text": "Down Under",
            "color": "green"
        },
        "description": {
            "text": "Name a mob Dinnerbone or Grumm"
        },
        "icon": {
            "item": "minecraft:magenta_glazed_terracotta"
        },
        "frame": "task",
        "show_toast": true,
        "announce_to_chat": true,
        "hidden": false
    },
    "criteria": {
        "Dinnerbone": {
            "trigger": "minecraft:player_interacted_with_entity",
            "conditions": {
                "item": {
                    "nbt": "{display:{Name:'{\"text\":\"Dinnerbone\"}'}}",
                    "items": [
                        "minecraft:name_tag"
                    ]
                }
            }
        },
        "Grumm": {
            "trigger": "minecraft:player_interacted_with_entity",
            "conditions": {
                "item": {
                    "nbt": "{display:{Name:'{\"text\":\"Grumm\"}'}}",
                    "items": [
                        "minecraft:name_tag"
                    ]
                }
            }
        }
    },
    "requirements": [
        [
            "Dinnerbone",
            "Grumm"
        ]
    ],
    "parent": "layan:nametag_advancements"
}
