{
    "__comment": "Made with TheDestruc7i0n's advancements generator: https://advancements.thedestruc7i0n.ca",
    "display": {
        "title": {
            "text": "Infanticide",
            "color": "aqua"
        },
        "description": {
            "text": "Kill a baby villager"
        },
        "icon": {
            "item": "minecraft:villager_spawn_egg"
        },
        "frame": "task",
        "show_toast": true,
        "announce_to_chat": true,
        "hidden": false
    },
    "criteria": {
        "Baby Kill": {
            "trigger": "minecraft:player_killed_entity",
            "conditions": {
                "entity": {
                    "type": "minecraft:villager",
                    "flags": {
                        "is_baby": true
                    }
                }
            }
        }
    },
    "parent": "layan:general_advancements"
}
