{
    "__comment": "Made with TheDestruc7i0n's advancements generator: https://advancements.thedestruc7i0n.ca",
    "display": {
        "title": {
            "text": "Nametag Advancements",
            "color": "yellow"
        },
        "description": {
            "text": "All nametag advancements"
        },
        "icon": {
            "item": "minecraft:name_tag"
        },
        "frame": "task",
        "show_toast": false,
        "announce_to_chat": false,
        "hidden": true
    },
    "criteria": {
        "Unlock": {
            "trigger": "minecraft:tick"
        }
    },
    "parent": "layan:root"
}
