{
    "__comment": "Made with TheDestruc7i0n's advancements generator: https://advancements.thedestruc7i0n.ca",
    "display": {
        "title": {
            "text": "Now I See You!",
            "color": "aqua"
        },
        "description": {
            "text": "Hit an invisible mob with a spectral arrow"
        },
        "icon": {
            "item": "minecraft:spectral_arrow"
        },
        "frame": "task",
        "show_toast": true,
        "announce_to_chat": true,
        "hidden": false
    },
    "criteria": {
        "Hit": {
            "trigger": "minecraft:player_hurt_entity",
            "conditions": {
                "entity": {
                    "effects": {
                        "minecraft:invisibility": {
                            "amplifier": {
                                "min": 0,
                                "max": 1000000
                            },
                            "duration": {
                                "min": 0,
                                "max": 1000000
                            }
                        }
                    }
                },
                "damage": {
                    "type": {
                        "is_projectile": true,
                        "direct_entity": {
                            "type": "minecraft:spectral_arrow"
                        },
                        "source_entity": {
                            "type": "minecraft:player"
                        }
                    },
                    "source_entity": {
                        "type": "minecraft:player"
                    }
                }
            }
        }
    },
    "parent": "layan:general_advancements"
}
