{
    "__comment": "Made with TheDestruc7i0n's advancements generator: https://advancements.thedestruc7i0n.ca",
    "display": {
        "title": {
            "text": "RIP Toast",
            "color": "green"
        },
        "description": {
            "text": "Name a rabbit Toast"
        },
        "icon": {
            "item": "minecraft:rabbit_hide"
        },
        "frame": "task",
        "show_toast": true,
        "announce_to_chat": true,
        "hidden": false
    },
    "criteria": {
        "Toast": {
            "trigger": "minecraft:player_interacted_with_entity",
            "conditions": {
                "item": {
                    "nbt": "{display:{Name:'{\"text\":\"Toast\"}'}}",
                    "items": [
                        "minecraft:name_tag"
                    ]
                },
                "entity": {
                    "type": "minecraft:rabbit"
                }
            }
        }
    },
    "parent": "layan:nametag_advancements"
}
