{
    "__comment": "Made with TheDestruc7i0n's advancements generator: https://advancements.thedestruc7i0n.ca",
    "display": {
        "title": {
            "text": "Custom Advancements!",
            "color": "yellow"
        },
        "description": {
            "text": "Layan's custom advancements!"
        },
        "icon": {
            "item": "minecraft:dragon_egg"
        },
        "frame": "task",
        "show_toast": false,
        "announce_to_chat": false,
        "hidden": true,
        "background": "minecraft:textures/gui/advancements/backgrounds/stone.png"
    },
    "criteria": {
        "Start": {
            "trigger": "minecraft:tick"
        }
    }
}
