{
    "__comment": "Made with TheDestruc7i0n's advancements generator: https://advancements.thedestruc7i0n.ca",
    "display": {
        "title": {
            "text": "Spear Fishing",
            "color": "aqua"
        },
        "description": {
            "text": "Kill a fish with a trident!"
        },
        "icon": {
            "item": "minecraft:trident"
        },
        "frame": "task",
        "show_toast": true,
        "announce_to_chat": true,
        "hidden": false
    },
    "criteria": {
        "Cod Kill": {
            "trigger": "minecraft:player_killed_entity",
            "conditions": {
                "entity": {
                    "type": "minecraft:cod"
                },
                "killing_blow": {
                    "is_projectile": true,
                    "direct_entity": {
                        "type": "minecraft:trident"
                    },
                    "source_entity": {
                        "type": "minecraft:player"
                    }
                }
            }
        },
        "Salmon Kill": {
            "trigger": "minecraft:player_killed_entity",
            "conditions": {
                "entity": {
                    "type": "minecraft:salmon"
                },
                "killing_blow": {
                    "is_projectile": true,
                    "direct_entity": {
                        "type": "minecraft:trident"
                    },
                    "source_entity": {
                        "type": "minecraft:player"
                    }
                }
            }
        },
        "Tropical Fish Kill": {
            "trigger": "minecraft:player_killed_entity",
            "conditions": {
                "entity": {
                    "type": "minecraft:tropical_fish"
                },
                "killing_blow": {
                    "is_projectile": true,
                    "direct_entity": {
                        "type": "minecraft:trident"
                    },
                    "source_entity": {
                        "type": "minecraft:player"
                    }
                }
            }
        },
        "Pufferfish Kill": {
            "trigger": "minecraft:player_killed_entity",
            "conditions": {
                "entity": {
                    "type": "minecraft:pufferfish"
                },
                "killing_blow": {
                    "is_projectile": true,
                    "direct_entity": {
                        "type": "minecraft:trident"
                    },
                    "source_entity": {
                        "type": "minecraft:player"
                    }
                }
            }
        }
    },
    "requirements": [
        [
            "Cod Kill",
            "Salmon Kill",
            "Tropical Fish Kill",
            "Pufferfish Kill"
        ]
    ],
    "parent": "layan:general_advancements"
}
