{
    "__comment": "Made with TheDestruc7i0n's advancements generator: https://advancements.thedestruc7i0n.ca",
    "display": {
        "title": {
            "text": "To Infinity and Beyond!",
            "color": "gold"
        },
        "description": {
            "text": "Travel to 100K on both axes"
        },
        "icon": {
            "item": "minecraft:elytra"
        },
        "frame": "challenge",
        "show_toast": true,
        "announce_to_chat": true,
        "hidden": false
    },
    "criteria": {
        "100K": {
            "trigger": "minecraft:location",
            "conditions": {
                "position": {
                    "x": {
                        "min": 100000,
                        "max": 1000000
                    },
                    "z": {
                        "min": 100000,
                        "max": 1000000
                    }
                }
            }
        }
    },
    "parent": "layan:challenges"
}
